,lasso_model_stats,RF_model_stats,NN_model_stats,DT_model_stats,SVM_model_stats
0,3.872888434035378e-18,0.35849464898050354,9.967856005086605e-18,1.2288688588785574e-12,3.886680137925553e-18
