,lasso_model_stats,RF_model_stats,NN_model_stats,DT_model_stats
0,3.8853646391776985e-18,3.888434793038708e-18,3.8926051089021165e-18,3.893483610217646e-18
