,lasso_model_stats,RF_model_stats,NN_model_stats,DT_model_stats
0,4.929708915287658e-18,8.027776794190746e-15,1.4892784039211057e-11,1.4111347622522588e-17
